
{
	"allowSleep" : true,
	"autoClearForces" : true,
	"body" : 
	[
		
		{
			"angle" : 0,
			"angularVelocity" : 0,
			"awake" : true,
			"fixture" : 
			[
				
				{
					"chain" : 
					{
						"vertices" : 
						{
							"x" : 
							[
								-0.3824883699417114,
								-0.2938680648803711,
								0.2545194625854492,
								0.3796904087066650
							],
							"y" : [ 0.2546086311340332, 0.0, 0.0, 0.2602043151855469 ]
						}
					},
					"density" : 1,
					"filter-categoryBits" : 2,
					"friction" : 0.2,
					"name" : "fixture5"
				}
			],
			"linearVelocity" : 0,
			"name" : "body0",
			"position" : 
			{
				"x" : 0,
				"y" : 5.537983894348145
			},
			"type" : 0
		},
		
		{
			"angle" : 0,
			"angularVelocity" : 0,
			"awake" : true,
			"fixture" : 
			[
				
				{
					"density" : 0.5821164846420288,
					"friction" : 0.2,
					"name" : "fixture3",
					"polygon" : 
					{
						"vertices" : 
						{
							"x" : 
							[
								0.2475179135799408,
								-0.2499531507492065,
								-0.2119465470314026,
								-0.08599274605512619,
								0.009753778576850891,
								0.1488849073648453,
								0.2282146364450455,
								0.2456980943679810
							],
							"y" : 
							[
								0.08417126536369324,
								-0.04308959841728210,
								-0.1570730507373810,
								-0.1931030154228210,
								-0.1943876743316650,
								-0.1851138174533844,
								-0.1017622947692871,
								-0.03644019737839699
							]
						}
					}
				},
				
				{
					"density" : 0.5821164846420288,
					"friction" : 0.2,
					"name" : "fixture3",
					"polygon" : 
					{
						"vertices" : 
						{
							"x" : 
							[
								0.2475179135799408,
								0.2273398637771606,
								0.1680848598480225,
								0.05517697334289551,
								-0.09204581379890442,
								-0.2103454470634460,
								-0.2427877336740494,
								-0.2499531507492065
							],
							"y" : 
							[
								0.08417126536369324,
								0.1269400715827942,
								0.1874940991401672,
								0.1965417116880417,
								0.1825304925441742,
								0.1334779858589172,
								0.0795607864856720,
								-0.04308959841728210
							]
						}
					}
				},
				
				{
					"density" : 0.5821164846420288,
					"friction" : 0.2,
					"name" : "fixture3",
					"polygon" : 
					{
						"vertices" : 
						{
							"x" : [ 0.2910756468772888, 0.2475179135799408, 0.2456980943679810 ],
							"y" : [ -0.007299542427062988, 0.08417126536369324, -0.03644019737839699 ]
						}
					}
				},
				
				{
					"density" : 0.5821164846420288,
					"friction" : 0.2,
					"name" : "fixture3",
					"polygon" : 
					{
						"vertices" : 
						{
							"x" : [ -0.2427877336740494, -0.2871972918510437, -0.2499531507492065 ],
							"y" : [ 0.0795607864856720, -0.005845725536346436, -0.04308959841728210 ]
						}
					}
				}
			],
			"gravityScale" : 0.5,
			"linearVelocity" : 0,
			"massData-I" : 0.002880216343328357,
			"massData-center" : 
			{
				"x" : 0.002312825759872794,
				"y" : -5.754948506364599e-05
			},
			"massData-mass" : 0.1,
			"name" : "item_speedup",
			"position" : 
			{
				"x" : -5.284039497375488,
				"y" : -1.980842232704163
			},
			"type" : 2
		},
		
		{
			"angle" : 0,
			"angularDamping" : 50.0,
			"angularVelocity" : 0,
			"awake" : true,
			"fixture" : 
			[
				
				{
					"circle" : 
					{
						"center" : 0,
						"radius" : 0.15
					},
					"density" : 14.14710426330566,
					"filter-maskBits" : 65533,
					"friction" : 1,
					"name" : "fixture1"
				}
			],
			"linearVelocity" : 0,
			"massData-I" : 0.01124999951571226,
			"massData-mass" : 1,
			"name" : "rat",
			"position" : 
			{
				"x" : 0,
				"y" : 5.605519771575928
			},
			"type" : 2
		},
		
		{
			"angle" : 0,
			"angularDamping" : 0.8,
			"angularVelocity" : 0,
			"awake" : true,
			"fixture" : 
			[
				
				{
					"circle" : 
					{
						"center" : 
						{
							"x" : 0,
							"y" : -0.008923530578613281
						},
						"radius" : 2.4
					},
					"density" : 55.26212692260742,
					"friction" : 1,
					"name" : "fixture4"
				}
			],
			"gravityScale" : 0.1,
			"linearVelocity" : 0,
			"massData-I" : 2880.079833984375,
			"massData-center" : 
			{
				"x" : 0,
				"y" : -0.008923530578613281
			},
			"massData-mass" : 1000.0,
			"name" : "earth",
			"position" : 
			{
				"x" : 0,
				"y" : 3.059355258941650
			},
			"type" : 2
		},
		
		{
			"angle" : 0,
			"angularVelocity" : 0,
			"awake" : true,
			"fixture" : 
			[
				
				{
					"chain" : 
					{
						"vertices" : 
						{
							"x" : 
							[
								3.987539052963257,
								3.987539052963257,
								-4.012460708618164,
								-4.012460708618164,
								3.987539052963257
							],
							"y" : 
							[
								4.324726104736328,
								-9.665273666381836,
								-9.665273666381836,
								4.334726333618164,
								4.334726333618164
							]
						}
					},
					"density" : 1,
					"friction" : 0.2,
					"name" : "fixture0"
				}
			],
			"linearVelocity" : 0,
			"name" : "cage",
			"position" : 
			{
				"x" : 0.01246094703674316,
				"y" : 7.665273666381836
			},
			"type" : 0
		},
		
		{
			"angle" : 0,
			"angularVelocity" : 0,
			"awake" : true,
			"fixture" : 
			[
				
				{
					"density" : 1,
					"friction" : 0.2,
					"name" : "fixture2",
					"polygon" : 
					{
						"vertices" : 
						{
							"x" : [ 2.5, 2.5, -2.5, -2.5 ],
							"y" : [ -0.5, 0.5, 0.5, -0.5 ]
						}
					}
				}
			],
			"linearVelocity" : 0,
			"name" : "body2",
			"position" : 
			{
				"x" : -6.292052268981934,
				"y" : -2.709017276763916
			},
			"type" : 0
		},
		
		{
			"angle" : 0,
			"angularVelocity" : 0,
			"awake" : true,
			"fixture" : 
			[
				
				{
					"density" : 0.5821164846420288,
					"friction" : 0.2,
					"name" : "fixture3",
					"polygon" : 
					{
						"vertices" : 
						{
							"x" : 
							[
								0.2475179135799408,
								-0.2499531507492065,
								-0.2119465470314026,
								-0.08599274605512619,
								0.009753778576850891,
								0.1488849073648453,
								0.2282146364450455,
								0.2456980943679810
							],
							"y" : 
							[
								0.08417126536369324,
								-0.04308959841728210,
								-0.1570730507373810,
								-0.1931030154228210,
								-0.1943876743316650,
								-0.1851138174533844,
								-0.1017622947692871,
								-0.03644019737839699
							]
						}
					}
				},
				
				{
					"density" : 0.5821164846420288,
					"friction" : 0.2,
					"name" : "fixture3",
					"polygon" : 
					{
						"vertices" : 
						{
							"x" : 
							[
								0.2475179135799408,
								0.2273398637771606,
								0.1680848598480225,
								0.05517697334289551,
								-0.09204581379890442,
								-0.2103454470634460,
								-0.2427877336740494,
								-0.2499531507492065
							],
							"y" : 
							[
								0.08417126536369324,
								0.1269400715827942,
								0.1874940991401672,
								0.1965417116880417,
								0.1825304925441742,
								0.1334779858589172,
								0.0795607864856720,
								-0.04308959841728210
							]
						}
					}
				},
				
				{
					"density" : 0.5821164846420288,
					"friction" : 0.2,
					"name" : "fixture3",
					"polygon" : 
					{
						"vertices" : 
						{
							"x" : [ 0.2910756468772888, 0.2475179135799408, 0.2456980943679810 ],
							"y" : [ -0.007299542427062988, 0.08417126536369324, -0.03644019737839699 ]
						}
					}
				},
				
				{
					"density" : 0.5821164846420288,
					"friction" : 0.2,
					"name" : "fixture3",
					"polygon" : 
					{
						"vertices" : 
						{
							"x" : [ -0.2427877336740494, -0.2871972918510437, -0.2499531507492065 ],
							"y" : [ 0.0795607864856720, -0.005845725536346436, -0.04308959841728210 ]
						}
					}
				}
			],
			"gravityScale" : 0.5,
			"linearVelocity" : 0,
			"massData-I" : 0.002880216343328357,
			"massData-center" : 
			{
				"x" : 0.002312825759872794,
				"y" : -5.754948506364599e-05
			},
			"massData-mass" : 0.1,
			"name" : "item_slowdown",