
{
	"allowSleep" : true,
	"autoClearForces" : true,
	"body" : 
	[
		
		{
			"angle" : 0,
			"angularDamping" : 0.8,
			"angularVelocity" : 0,
			"awake" : true,
			"fixture" : 
			[
				
				{
					"circle" : 
					{
						"center" : 
						{
							"x" : 0,
							"y" : -0.008923530578613281
						},
						"radius" : 2.4
					},
					"density" : 55.26212692260742,
					"filter-categoryBits" : 32,
					"filter-maskBits" : 16383,
					"friction" : 1,
					"name" : "fixture4"
				}
			],
			"gravityScale" : 0.1,
			"linearVelocity" : 0,
			"massData-I" : 2880.079833984375,
			"massData-center" : 
			{
				"x" : 0,
				"y" : -0.008923530578613281
			},
			"massData-mass" : 1000.0,
			"name" : "earth",
			"position" : 
			{
				"x" : 0,
				"y" : 3.059355258941650
			},
			"type" : 2
		},
		
		{
			"angle" : 0,
			"angularVelocity" : 0,
			"awake" : true,
			"fixture" : 
			[
				
				{
					"density" : 1,
					"friction" : 0.2,
					"name" : "fixture2",
					"polygon" : 
					{
						"vertices" : 
						{
							"x" : [ 2.5, 2.5, -5.707947731018066, -5.707947731018066 ],
							"y" : [ -0.5, 0.5, 0.4999973773956299, -0.5000026226043701 ]
						}
					}
				}
			],
			"linearVelocity" : 0,
			"name" : "body2",
			"position" : 
			{
				"x" : -6.292052268981934,
				"y" : -2.709017276763916
			},
			"type" : 0
		}
	],
	"collisionbitplanes" : 
	{
		"names" : 
		[
			"bitplane1",
			"bitplane2",
			"bitplane3",
			"bitplane4",
			"bitplane5",
			"bitplane6",
			"bitplane7",
			"bitplane8",
			"bitplane9",
			"bitplane10",
			"bitplane11",
			"bitplane12",
			"bitplane13",
			"bitplane14",
			"bitplane15",
			"bitplane16",
			"bitplane17",
			"bitplane18",
			"bitplane19",
			"bitplane20",
			"bitplane21",
			"bitplane22",
			"bitplane23",
			"bitplane24",
			"bitplane25",
			"bitplane26",
			"bitplane27",
			"bitplane28",
			"bitplane29",
			"bitplane30",
			"bitplane31",
			"bitplane32"
		]
	},
	"continuousPhysics" : true,
	"gravity" : 
	{
		"x" : 0,
		"y" : -10
	},
	"image" : 
	[
		
		{
			"aspectScale" : 1,
			"body" : -1,
			"center" : 
			{
				"x" : -0.05470919609069824,
				"y" : 2.988401651382446
			},
			"corners" : 
			{
				"x" : 
				[
					-2.444017648696899,
					2.334599256515503,
					2.334599256515503,
					-2.444017648696899
				],
				"y" : 
				[
					0.5990931987762451,
					0.5990931987762451,
					5.377710342407227,
					5.377710342407227
				]
			},
			"file" : "background/inner03.png",
			"filter" : 1,
			"glDrawElements" : [ 0, 1, 2, 2, 3, 0 ],
			"glTexCoordPointer" : [ 0.0, 0.0, 1, 0.0, 1, 1, 0.0, 1 ],
			"glVertexPointer" : 
			[
				-2.444017648696899,
				0.5990931987762451,
				2.334599256515503,
				0.5990931987762451,
				2.334599256515503,
				5.377710342407227,
				-2.444017648696899,
				5.377710342407227
			],
			"name" : "image3",
			"opacity" : 0.5,
			"scale" : 4.778616905212402
		},
		
		{
			"aspectScale" : 1,
			"body" : 0,
			"center" : 
			{
				"x" : -0.01026353240013123,
				"y" : -0.05876835435628891
			},
			"corners" : 
			{
				"x" : 
				[
					-2.508089542388916,
					2.487562656402588,
					2.487562656402588,
					-2.508089542388916
				],
				"y" : 
				[
					-2.556594371795654,
					-2.556594371795654,
					2.439057826995850,
					2.439057826995850
				]
			},
			"file" : "earth03.png",
			"filter" : 1,
			"glDrawElements" : [ 0, 1, 2, 2, 3, 0 ],
			"glTexCoordPointer" : [ 0.0, 0.0, 1, 0.0, 1, 1, 0.0, 1 ],
			"glVertexPointer" : 
			[
				-2.508089542388916,
				-2.556594371795654,
				2.487562656402588,
				-2.556594371795654,
				2.487562656402588,
				2.439057826995850,
				-2.508089542388916,
				2.439057826995850
			],
			"name" : "image0",
			"opacity" : 0.5,
			"renderOrder" : 1,
			"scale" : 4.995652198791504
		}
	],
	"joint" : 
	[
		
		{
			"anchorA" : 
			{
				"x" : 6.298113346099854,
				"y" : 5.776763916015625
			},
			"anchorB" : 0,
			"bodyA" : 1,
			"bodyB" : 0,
			"enableLimit" : false,
			"enableMotor" : false,
			"jointSpeed" : 0,
			"lowerLimit" : 0,
			"maxMotorTorque" : 0,
			"motorSpeed" : 0,
			"name" : "joint0",
			"refAngle" : 0,
			"type" : "revolute",
			"upperLimit" : 0
		}
	],
	"positionIterations" : 3,
	"stepsPerSecond" : 60.0,
	"subStepping" : false,
	"velocityIterations" : 8,
	"warmStarting" : true
}
